<?xml version="1.0" encoding="UTF-8"?>
    <addon id="repository.alexanderk23" name="Kodi addons by alexanderk23" version="1.0.0" provider-name="alexanderk23">
        <requires>
            <import addon="xbmc.addon" version="12.0.0"/>
        </requires>
        <extension point="xbmc.addon.repository" name="Kodi addons by alexanderk23">
            <info compressed="false">https://raw.githubusercontent.com/alexanderk23/kodi-addons/_repo/addons.xml</info>
            <checksum>https://raw.githubusercontent.com/alexanderk23/kodi-addons/_repo/addons.xml.md5</checksum>
            <datadir zip="true">https://raw.githubusercontent.com/alexanderk23/kodi-addons/_repo/</datadir>
            <hashes>false</hashes>
        </extension>
        <extension point="xbmc.addon.metadata">
            <summary>Kodi addons by alexanderk23</summary>
            <description>Kodi addons by alexanderk23</description>
            <platform>all</platform>
    </extension>
</addon>